timeStamp,elapsed,label,responseCode,responseMessage,threadName,dataType,success,failureMessage,bytes,sentBytes,grpThreads,allThreads,URL,Latency,IdleTime,Connect
1620317425460,2543,Login request,200,OK,Login user 1-1,text,true,,1260,935,1,1,https://webapp-demo.chematica.net/api/v1/auth/jwt/,2534,0,605
1620317428056,702,Create and run Autoretro,400,Bad Request,Create and Verify Autoretro-Pimasertib 2-1,text,false,,1386,1429,1,1,https://webapp-demo.chematica.net/api/v1/analyses/computations/,702,0,159
1620317430851,448,Checking Analysis Status ,403,Forbidden,Create and Verify Autoretro-Pimasertib 2-1,text,false,,1223,373,1,1,https://webapp-demo.chematica.net/api/v1/analyses//,448,0,0
1620317433317,437,Checking Analysis Status ,403,Forbidden,Create and Verify Autoretro-Pimasertib 2-1,text,false,,1223,373,1,1,https://webapp-demo.chematica.net/api/v1/analyses//,437,0,0
1620317435768,498,Checking Analysis Status ,403,Forbidden,Create and Verify Autoretro-Pimasertib 2-1,text,false,,1223,373,1,1,https://webapp-demo.chematica.net/api/v1/analyses//,498,0,0
1620317438279,436,Checking Analysis Status ,403,Forbidden,Create and Verify Autoretro-Pimasertib 2-1,text,false,,1224,373,1,1,https://webapp-demo.chematica.net/api/v1/analyses//,436,0,0
1620317440744,419,Checking Analysis Status ,403,Forbidden,Create and Verify Autoretro-Pimasertib 2-1,text,false,,1224,373,1,1,https://webapp-demo.chematica.net/api/v1/analyses//,419,0,0
1620317443178,458,Checking Analysis Status ,403,Forbidden,Create and Verify Autoretro-Pimasertib 2-1,text,false,,1224,373,1,1,https://webapp-demo.chematica.net/api/v1/analyses//,457,0,0
1620317445646,416,Checking Analysis Status ,403,Forbidden,Create and Verify Autoretro-Pimasertib 2-1,text,false,,1224,373,1,1,https://webapp-demo.chematica.net/api/v1/analyses//,416,0,0
1620317448073,424,Checking Analysis Status ,403,Forbidden,Create and Verify Autoretro-Pimasertib 2-1,text,false,,1224,373,1,1,https://webapp-demo.chematica.net/api/v1/analyses//,424,0,0
1620317450510,440,Checking Analysis Status ,403,Forbidden,Create and Verify Autoretro-Pimasertib 2-1,text,false,,1224,373,1,1,https://webapp-demo.chematica.net/api/v1/analyses//,440,0,0
1620317452963,489,Checking Analysis Status ,403,Forbidden,Create and Verify Autoretro-Pimasertib 2-1,text,false,,1224,373,1,1,https://webapp-demo.chematica.net/api/v1/analyses//,488,0,0
1620317455460,422,Checking Analysis Status ,403,Forbidden,Create and Verify Autoretro-Pimasertib 2-1,text,false,,1224,373,1,1,https://webapp-demo.chematica.net/api/v1/analyses//,422,0,0
1620317457887,413,Checking Analysis Status ,403,Forbidden,Create and Verify Autoretro-Pimasertib 2-1,text,false,,1224,373,1,1,https://webapp-demo.chematica.net/api/v1/analyses//,413,0,0
1620317460314,440,Checking Analysis Status ,403,Forbidden,Create and Verify Autoretro-Pimasertib 2-1,text,false,,1224,373,1,1,https://webapp-demo.chematica.net/api/v1/analyses//,440,0,0
1620317462769,421,Checking Analysis Status ,403,Forbidden,Create and Verify Autoretro-Pimasertib 2-1,text,false,,1224,373,1,1,https://webapp-demo.chematica.net/api/v1/analyses//,421,0,0
1620317465200,453,Checking Analysis Status ,403,Forbidden,Create and Verify Autoretro-Pimasertib 2-1,text,false,,1224,373,1,1,https://webapp-demo.chematica.net/api/v1/analyses//,453,0,0
1620317467662,427,Checking Analysis Status ,403,Forbidden,Create and Verify Autoretro-Pimasertib 2-1,text,false,,1224,373,1,1,https://webapp-demo.chematica.net/api/v1/analyses//,427,0,0
1620317470102,446,Checking Analysis Status ,403,Forbidden,Create and Verify Autoretro-Pimasertib 2-1,text,false,,1224,373,1,1,https://webapp-demo.chematica.net/api/v1/analyses//,445,0,0
1620317472555,493,Checking Analysis Status ,403,Forbidden,Create and Verify Autoretro-Pimasertib 2-1,text,false,,1224,373,1,1,https://webapp-demo.chematica.net/api/v1/analyses//,493,0,0
1620317475058,428,Checking Analysis Status ,403,Forbidden,Create and Verify Autoretro-Pimasertib 2-1,text,false,,1224,373,1,1,https://webapp-demo.chematica.net/api/v1/analyses//,427,0,0
1620317477495,440,Checking Analysis Status ,403,Forbidden,Create and Verify Autoretro-Pimasertib 2-1,text,false,,1224,373,1,1,https://webapp-demo.chematica.net/api/v1/analyses//,440,0,0
1620317479946,424,Checking Analysis Status ,403,Forbidden,Create and Verify Autoretro-Pimasertib 2-1,text,false,,1224,373,1,1,https://webapp-demo.chematica.net/api/v1/analyses//,424,0,0
1620317482380,459,Checking Analysis Status ,403,Forbidden,Create and Verify Autoretro-Pimasertib 2-1,text,false,,1224,373,1,1,https://webapp-demo.chematica.net/api/v1/analyses//,459,0,0
1620317484842,415,Checking Analysis Status ,403,Forbidden,Create and Verify Autoretro-Pimasertib 2-1,text,false,,1224,373,1,1,https://webapp-demo.chematica.net/api/v1/analyses//,415,0,0
1620317487267,427,Checking Analysis Status ,403,Forbidden,Create and Verify Autoretro-Pimasertib 2-1,text,false,,1224,373,1,1,https://webapp-demo.chematica.net/api/v1/analyses//,427,0,0
1620317489704,689,Checking Analysis Status ,403,Forbidden,Create and Verify Autoretro-Pimasertib 2-1,text,false,,1234,373,1,1,https://webapp-demo.chematica.net/api/v1/analyses//,689,0,265
1620317492405,470,Checking Analysis Status ,403,Forbidden,Create and Verify Autoretro-Pimasertib 2-1,text,false,,1224,373,1,1,https://webapp-demo.chematica.net/api/v1/analyses//,470,0,0
1620317494881,448,Checking Analysis Status ,403,Forbidden,Create and Verify Autoretro-Pimasertib 2-1,text,false,,1224,373,1,1,https://webapp-demo.chematica.net/api/v1/analyses//,448,0,0
1620317497339,427,Checking Analysis Status ,403,Forbidden,Create and Verify Autoretro-Pimasertib 2-1,text,false,,1224,373,1,1,https://webapp-demo.chematica.net/api/v1/analyses//,426,0,0
1620317499770,428,Checking Analysis Status ,403,Forbidden,Create and Verify Autoretro-Pimasertib 2-1,text,false,,1224,373,1,1,https://webapp-demo.chematica.net/api/v1/analyses//,428,0,0
